NAME,PITCHES,PITCH_SEQUENCE,Break:Tunnel,Plate Diff,Release Diff,Tunnel Differential,Flight Time Diff,Post-tunnel Break,Release:Tunnel,hit_speed_avg,hit_angle_avg,swinging.strike,strike.rate,ground,line_drive,fly_ball,pop_up
Adam Wainwright,91,FC|FA,0.268,1.6181,0.1853,0.8942,0.0265,0.2397,0.2073,82.21818182,21.05727273,0.12,0.38,0.272727273,0.454545455,0.272727273,0
Andrew Bailey,87,FC|FA,0.5096,1.6409,0.2973,0.858,0.0357,0.4373,0.3465,88.75714286,10.48142857,0.125,0.515625,0.285714286,0.428571429,0.285714286,0
Arquimedes Caminero,91,FC|FA,0.1805,1.5581,0.2155,0.7669,0.0262,0.1384,0.281,86.725,0.814666667,0.096153846,0.403846154,0.533333333,0.2,0.266666667,0
Casey Fien,111,FC|FA,0.344,1.3696,0.4049,0.6847,0.0215,0.2355,0.5914,82.46,22.53333333,0.109375,0.5,0.111111111,0.555555556,0.277777778,0.055555556
Jeff Samardzija,72,FC|FA,0.0694,1.3721,0.1452,0.7329,0.0091,0.0508,0.1981,88.135,11.97619048,0.142857143,0.505494505,0.428571429,0.285714286,0.285714286,0
Jon Lester,233,FC|FA,0.1656,1.6924,0.0951,0.8471,0.0148,0.1403,0.1123,90.9047619,21.15416667,0.096,0.48,0.291666667,0.25,0.416666667,0.041666667
Max Scherzer,68,FC|FA,0.1607,1.9864,0.1704,0.855,0.0275,0.1374,0.1993,90.225,22.4225,0.166666667,0.611111111,0.25,0,0.75,0
Mike Fiers,82,FC|FA,0.25,1.402,0.2527,0.7427,0.0191,0.1857,0.3402,93.45714286,14.19571429,0.071428571,0.357142857,0.428571429,0.285714286,0.285714286,0
,,,,,,,,,,,,,,,,,