NAME,PITCHES,PITCH_SEQUENCE,Break:Tunnel,Plate Diff,Release Diff,Tunnel Differential,Flight Time Diff,Post-tunnel Break,Release:Tunnel,hit_speed_avg,hit_angle_avg,swinging.strike,strike.rate,ground,line_drive,fly_ball,pop_up
Carlos Martinez,86,SI|CH,0.1966,1.3904,0.1865,0.7619,0.0354,0.1498,0.2448,90.79473684,1.611578947,0.3,0.6,0.736842105,0.157894737,0.105263158,0
Cole Hamels,83,SI|CH,0.2244,1.4228,0.1319,0.7312,0.0397,0.164,0.1803,83.375,10.18875,0.307692308,0.6,0.3125,0.4375,0.25,0
Dillon Gee,85,SI|CH,0.207,1.544,0.1475,0.7986,0.0304,0.1653,0.1847,85.73125,11.356875,0.2,0.5,0.25,0.4375,0.3125,0
Kyle Hendricks,251,SI|CH,0.129,1.5757,0.1513,0.8485,0.0416,0.1094,0.1783,81.68679245,19.01888889,0.337423313,0.54601227,0.37037037,0.185185185,0.37037037,0.074074074
Noah Syndergaard,65,SI|CH,0.2555,1.3586,0.3869,0.7724,0.0331,0.1973,0.501,76.675,-8.87,0.311111111,0.533333333,0.875,0,0.125,0
,,,,,,,,,,,,,,,,,
,,,,,,,,,,,,,,,,,
,,,,,,,,,,,,,,,,,
,,,,,,,,,,,,,,,,,