NAME,PITCHES,PITCH_SEQUENCE,Break:Tunnel,Plate Diff,Release Diff,Tunnel Differential,Flight Time Diff,Post-tunnel Break,Release:Tunnel,hit_speed_avg,hit_angle_avg,swinging.strike,strike.rate,ground,line_drive,fly_ball,pop_up
Andrew Cashner,104,SI|SL,0.1982,1.5886,0.2418,0.8644,0.027,0.1714,0.2797,90.10666667,2.369411765,0.111111111,0.361111111,0.705882353,0.235294118,0.058823529,0
Carlos Martinez,127,SI|SL,0.2719,1.6681,0.2332,0.8089,0.0487,0.22,0.2883,88.19411765,14.47,0.231578947,0.442105263,0.411764706,0.235294118,0.352941176,0
Carlos Rodon,110,SI|SL,0.1592,1.6512,0.1834,0.7939,0.0307,0.1264,0.231,84.69,21.24681818,0.343137255,0.519607843,0.454545455,0.045454545,0.409090909,0.090909091
Dillon Gee,99,SI|SL,0.0967,1.4711,0.146,0.7814,0.0177,0.0756,0.1869,56.7,19.35,0,0,0,1,0,0
Jeff Samardzija,80,SI|SL,0.1104,1.4784,0.1506,0.8106,0.0339,0.0895,0.1857,83.11428571,-11.90714286,0.225806452,0.483870968,1,0,0,0
Nate Jones,158,SI|SL,0.3506,1.6936,0.1674,0.8331,0.037,0.2921,0.201,83.94,4.225882353,0.392156863,0.647058824,0.588235294,0.058823529,0.352941176,0
Noah Syndergaard,148,SI|SL,0.2746,1.6149,0.1739,0.7777,0.0277,0.2135,0.2236,85.54666667,9.983125,0.305555556,0.611111111,0.5,0.1875,0.3125,0
Tyler Chatwood,140,SI|SL,0.2195,2.0375,0.1815,0.9041,0.0266,0.1985,0.2007,105.95,9.49,0.25,0.5,1,0,0,0
,,,,,,,,,,,,,,,,,