NAME,PITCHES,PITCH_SEQUENCE,Break:Tunnel,Plate Diff,Release Diff,Tunnel Differential,Flight Time Diff,Post-tunnel Break,Release:Tunnel,hit_speed_avg,hit_angle_avg,swinging.strike,strike.rate,ground,line_drive,fly_ball,pop_up
Andrew Cashner,101,SL|SI,0.2196,1.5845,0.2805,0.8382,0.0311,0.1841,0.3347,94.45,17.70888889,0.024390244,0.341463415,0.222222222,0.444444444,0.333333333,0
Carlos Martinez,90,SL|SI,0.2104,1.6811,0.2568,0.9871,0.05,0.2077,0.2601,82.81904762,-2.514347826,0.1,0.355555556,0.739130435,0.130434783,0.130434783,0
Carlos Rodon,111,SL|SI,0.1604,1.7064,0.1729,0.8514,0.0373,0.1366,0.2031,88.12272727,-2.33173913,0.09375,0.5625,0.695652174,0.086956522,0.173913043,0.043478261
Dillon Gee,100,SL|SI,0.108,1.6298,0.1289,0.7581,0.0211,0.0819,0.17,106.8,28.11,0,0.333333333,0,0,1,0
Jeff Samardzija,93,SL|SI,0.1148,1.5317,0.1534,0.8542,0.039,0.0981,0.1796,92.95454545,8.853636364,0.025641026,0.384615385,0.454545455,0.363636364,0.181818182,0
Nate Jones,110,SL|SI,0.282,1.9192,0.1846,1.0466,0.0379,0.2951,0.1764,89.87692308,6.926666667,0.104166667,0.46875,0.533333333,0.266666667,0.2,0
Noah Syndergaard,103,SL|SI,0.2708,1.6938,0.1826,0.7789,0.028,0.2109,0.2344,89.02727273,10.90208333,0.121495327,0.514018692,0.458333333,0.416666667,0.083333333,0.041666667
Tyler Chatwood,128,SL|SI,0.224,1.9585,0.2149,0.8802,0.027,0.1971,0.2441,94.8,1.563333333,0.076923077,0.461538462,0.666666667,0,0.333333333,0
,,,,,,,,,,,,,,,,,