"","player_name","pitch_seq","hit_speed_avg","hit_angle_avg","swinging.strike","strike.rate","ground","line_drive","fly_ball","pop_up"
"1","Addison Reed","FF|FF",90.4209677419355,19.8694117647059,0.117117117117117,0.48048048048048,0.308823529411765,0.279411764705882,0.382352941176471,0.0294117647058824
"5","Addison Reed","FF|CH",80,20.44,0,0,0,1,0,0
"11","Addison Reed","FF|FC",87.3,81.37,0.214285714285714,0.571428571428571,0,0,0,1
"13","Addison Reed","FF|SL",91.9941176470588,6.72588235294118,0.36046511627907,0.674418604651163,0.647058823529412,0.117647058823529,0.176470588235294,0.0588235294117647
"14","Addison Reed","FC|FF",98.2666666666667,5.02,0.230769230769231,0.615384615384615,0.666666666666667,0.333333333333333,0,0
"15","Addison Reed","FC|FC",86.2,11.95,0,0.5,0,1,0,0
"23","Addison Reed","SL|FF",91.0090909090909,12.1757692307692,0.111111111111111,0.512820512820513,0.346153846153846,0.307692307692308,0.346153846153846,0
"25","Addison Reed","SL|SL",77.0666666666667,7.55222222222222,0.291666666666667,0.583333333333333,0.555555555555556,0.222222222222222,0.222222222222222,0
