"","player_name","pitch_seq","hit_speed_avg","hit_angle_avg","swinging.strike","strike.rate","ground","line_drive","fly_ball","pop_up"
"1","Aroldis Chapman","FF|FF",89.4340909090909,8.7175,0.259938837920489,0.675840978593272,0.590909090909091,0.136363636363636,0.227272727272727,0.0454545454545455
"5","Aroldis Chapman","FF|CH",75.75,-8.08,0.363636363636364,0.545454545454545,0.5,0.5,0,0
"7","Aroldis Chapman","CH|FF",92.2666666666667,-4.65,0.230769230769231,0.692307692307692,0.666666666666667,0.333333333333333,0,0
"13","Aroldis Chapman","FF|SL",92.2285714285714,16.6885714285714,0.283333333333333,0.516666666666667,0.285714285714286,0.285714285714286,0.428571428571429,0
"23","Aroldis Chapman","SL|FF",85.6833333333333,6.54333333333333,0.326923076923077,0.730769230769231,0.5,0.5,0,0
"25","Aroldis Chapman","SL|SL",84.45,-0.32,0.263157894736842,0.368421052631579,0.5,0.5,0,0
