"","player_name","pitch_seq","hit_speed_avg","hit_angle_avg","swinging.strike","strike.rate","ground","line_drive","fly_ball","pop_up"
"1","Arquimedes Caminero","FF|FF",91.0575,10.632619047619,0.16,0.508571428571429,0.5,0.214285714285714,0.285714285714286,0
"13","Arquimedes Caminero","FF|SL",87.4,13.5478571428571,0.148148148148148,0.481481481481481,0.357142857142857,0.285714285714286,0.357142857142857,0
"19","Arquimedes Caminero","FT|FF",96.0142857142857,18.0528571428571,0.117647058823529,0.588235294117647,0,0.857142857142857,0.142857142857143,0
"21","Arquimedes Caminero","FT|FT",86.15,15.4425,0.136363636363636,0.5,0.5,0,0.5,0
"22","Arquimedes Caminero","FT|SL",84.04,26.86,0.0833333333333333,0.5,0.2,0.2,0.4,0.2
"23","Arquimedes Caminero","SL|FF",86.725,0.814666666666667,0.0961538461538462,0.403846153846154,0.533333333333333,0.2,0.266666666666667,0
"24","Arquimedes Caminero","SL|FT",88.38,11.664,0.15,0.35,0.5,0.2,0.3,0
"25","Arquimedes Caminero","SL|SL",79.0111111111111,12.7088888888889,0.138888888888889,0.416666666666667,0.333333333333333,0.222222222222222,0.444444444444444,0
