"","player_name","pitch_seq","hit_speed_avg","hit_angle_avg","swinging.strike","strike.rate","ground","line_drive","fly_ball","pop_up"
"1","Casey Fien","FF|FF",84.0571428571428,28.0754545454545,0.136363636363636,0.579545454545455,0.181818181818182,0.272727272727273,0.454545454545455,0.0909090909090909
"3","Casey Fien","CU|FF",96.8,7.16,0.3,0.5,0.666666666666667,0.333333333333333,0,0
"6","Casey Fien","FF|CU",77.1,27.33,0.25,0.375,0,0,1,0
"13","Casey Fien","FF|SL",94.7,13.4866666666667,0.150943396226415,0.452830188679245,0.533333333333333,0.266666666666667,0.0666666666666667,0.133333333333333
"19","Casey Fien","FT|FF",86.84,22.268,0.0833333333333333,0.416666666666667,0.4,0.2,0.2,0.2
"22","Casey Fien","FT|SL",86.25,43.075,0.555555555555556,0.777777777777778,0,0,1,0
"23","Casey Fien","SL|FF",82.46,22.5333333333333,0.109375,0.5,0.111111111111111,0.555555555555556,0.277777777777778,0.0555555555555556
"24","Casey Fien","SL|FT",103.45,33.4833333333333,0.2,0.8,0.333333333333333,0,0.333333333333333,0.333333333333333
"25","Casey Fien","SL|SL",91.9071428571429,6.784,0.19047619047619,0.523809523809524,0.466666666666667,0.333333333333333,0.2,0
