NAME,PITCHES,PITCH_SEQUENCE,Break:Tunnel,Plate Diff,Release Diff,Tunnel Differential,Flight Time Diff,Post-tunnel Break,Release:Tunnel,hit_speed_avg,hit_angle_avg,swinging.strike,strike.rate,ground,line_drive,fly_ball,pop_up
Adam Conley,61,CH|CH,0.0688,1.4019,0.1273,0.763,0.0045,0.0525,0.1669,76.64444444,0.323333333,0.215686275,0.509803922,0.666666667,0.111111111,0.222222222,0
Carlos Martinez,86,CH|CH,0.0645,1.4666,0.1685,0.8194,0.0052,0.0529,0.2056,86.97272727,1.490833333,0.288135593,0.644067797,0.5,0.5,0,0
Chris Sale,65,CH|CH,0.0648,1.3231,0.1381,0.7283,0.007,0.0472,0.1897,90.30625,8.925625,0.123076923,0.446153846,0.375,0.375,0.25,0
Cole Hamels,116,CH|CH,0.0884,1.239,0.1339,0.6908,0.0035,0.0611,0.1939,89.92777778,12.91368421,0.25,0.652777778,0.368421053,0.368421053,0.263157895,0
Kyle Hendricks,250,CH|CH,0.0782,1.3746,0.102,0.7478,0.0032,0.0584,0.1364,84.69666667,6.579666667,0.448,0.64,0.533333333,0.2,0.266666667,0
Mike Fiers,106,CH|CH,0.0817,1.2798,0.1561,0.7149,0.0048,0.0584,0.2184,90.92,0.447333333,0.25862069,0.517241379,0.733333333,0.2,0,0.066666667
Noah Syndergaard,68,CH|CH,0.0755,1.2482,0.1295,0.7055,0.0037,0.0533,0.1836,92.5,9.853333333,0.28125,0.65625,0.444444444,0.444444444,0.111111111,0
Ross Ohlendorf,61,CH|CH,0.0655,1.369,0.1172,0.7709,0.0044,0.0505,0.152,100.35,21.50666667,0.19047619,0.619047619,0,0.666666667,0.333333333,0
,,,,,,,,,,,,,,,,,