NAME,PITCHES,PITCH_SEQUENCE,Break:Tunnel,Plate Diff,Release Diff,Tunnel Differential,Flight Time Diff,Post-tunnel Break,Release:Tunnel,hit_speed_avg,hit_angle_avg,swinging.strike,strike.rate,ground,line_drive,fly_ball,pop_up
Cole Hamels,68,CH|SI,0.1881,1.4692,0.1705,0.7629,0.0417,0.1435,0.2235,90.915,12.156,0.06557377,0.442622951,0.4,0.3,0.3,0
Dillon Gee,82,CH|SI,0.2029,1.5806,0.1613,0.8215,0.0305,0.1667,0.1964,86.22857143,15.89866667,0.071428571,0.321428571,0.466666667,0.133333333,0.4,0
Kyle Hendricks,134,CH|SI,0.1412,1.5464,0.1533,0.8257,0.0435,0.1166,0.1857,94.35384615,5.97137931,0.077922078,0.344155844,0.586206897,0.275862069,0.103448276,0.034482759
Noah Syndergaard,70,CH|SI,0.234,1.5946,0.4083,0.8659,0.0343,0.2026,0.4716,87.92727273,15.54545455,0.14,0.42,0.454545455,0.181818182,0.363636364,0
,,,,,,,,,,,,,,,,,
,,,,,,,,,,,,,,,,,
,,,,,,,,,,,,,,,,,
,,,,,,,,,,,,,,,,,
,,,,,,,,,,,,,,,,,