PITCHES,PITCH_SEQUENCE,Break:Tunnel,Plate Diff,Release Diff,Tunnel Differential,Flight Time Diff,Post-tunnel Break,Release:Tunnel,hit_speed_avg,hit_angle_avg,swinging.strike,strike.rate,ground,line_drive,fly_ball,pop_up,PITCHES
Adam Wainwright,143,CU|SI,0.7373,1.6691,0.2182,1.1128,0.1026,0.8204,0.1961,91.7,9.888333333,0.044642857,0.3125,0.416666667,0.333333333,0.25,0
Cole Hamels,70,CU|SI,0.617,1.947,0.2884,0.8663,0.0693,0.5345,0.3329,94.02777778,8.647222222,0.115384615,0.474358974,0.611111111,0.111111111,0.277777778,0
Doug Fister,184,CU|SI,0.8324,2.3883,0.2534,0.972,0.1068,0.809,0.2607,87.85333333,5.606451613,0.055555556,0.3,0.516129032,0.225806452,0.258064516,0
Jose Quintana,163,CU|SI,0.6197,1.5832,0.15,0.8329,0.0756,0.5161,0.1801,89.04444444,11.39321429,0.071428571,0.489795918,0.571428571,0.178571429,0.214285714,0.035714286
Tyler Duffey,117,CU|SI,0.5225,1.8271,0.1797,0.9038,0.0567,0.4722,0.1988,92.58333333,13.945,0.058823529,0.470588235,0.333333333,0.5,0.166666667,0
,,,,,,,,,,,,,,,,,
,,,,,,,,,,,,,,,,,
,,,,,,,,,,,,,,,,,
,,,,,,,,,,,,,,,,,