NAME,PITCHES,PITCH_SEQUENCE,Break:Tunnel,Plate Diff,Release Diff,Tunnel Differential,Flight Time Diff,Post-tunnel Break,Release:Tunnel,hit_speed_avg,hit_angle_avg,swinging.strike,strike.rate,ground,line_drive,fly_ball,pop_up
Adam Wainwright,169,FC|SI,0.1391,1.6258,0.2037,0.8226,0.0256,0.1144,0.2477,88.58214286,6.349666667,0.061538462,0.323076923,0.533333333,0.366666667,0.1,0
Cole Hamels,92,FC|SI,0.0713,1.6898,0.1519,0.8262,0.0148,0.0589,0.1839,90.80833333,1.004615385,0.160714286,0.535714286,0.615384615,0.076923077,0.307692308,0
Doug Fister,69,FC|SI,0.106,1.5441,0.3111,0.7691,0.0135,0.0815,0.4045,90.21666667,13.56944444,0.042553191,0.308510638,0.388888889,0.333333333,0.222222222,0.055555556
Jeff Samardzija,97,FC|SI,0.1583,1.7534,0.1523,0.8699,0.0092,0.1377,0.1751,92.15,-8.454444444,0.2,0.575,0.777777778,0.111111111,0.111111111,0
,,,,,,,,,,,,,,,,,
,,,,,,,,,,,,,,,,,
,,,,,,,,,,,,,,,,,
,,,,,,,,,,,,,,,,,
,,,,,,,,,,,,,,,,,