NAME,PITCHES,PITCH_SEQUENCE,Break:Tunnel,Plate Diff,Release Diff,Tunnel Differential,Flight Time Diff,Post-tunnel Break,Release:Tunnel,hit_speed_avg,hit_angle_avg,swinging.strike,strike.rate,ground,line_drive,fly_ball,pop_up
Adam Wainwright,198,SI|CU,0.7454,1.5422,0.2468,1.0867,0.0968,0.81,0.2271,86.21428571,5.99862069,0.189655172,0.422413793,0.448275862,0.344827586,0.206896552,0
Doug Fister,213,SI|CU,0.8566,2.1277,0.2737,0.9291,0.1013,0.7958,0.2946,88.50526316,15.656,0.261363636,0.477272727,0.5,0.2,0.3,0
Jose Quintana,155,SI|CU,0.5975,1.7141,0.1697,0.8554,0.0746,0.5111,0.1984,87.10909091,16.00318182,0.163043478,0.369565217,0.318181818,0.318181818,0.363636364,0
Tyler Duffey,119,SI|CU,0.5628,1.5364,0.1698,0.8208,0.0532,0.462,0.2068,84.57142857,-16.95,0.043478261,0.304347826,0.857142857,0.142857143,0,0
,,,,,,,,,,,,,,,,,
,,,,,,,,,,,,,,,,,
,,,,,,,,,,,,,,,,,
,,,,,,,,,,,,,,,,,
,,,,,,,,,,,,,,,,,