NAME,PITCHES,PITCH_SEQUENCE,Break:Tunnel,Plate Diff,Release Diff,Tunnel Differential,Flight Time Diff,Post-tunnel Break,Release:Tunnel,hit_speed_avg,hit_angle_avg,swinging.strike,strike.rate,ground,line_drive,fly_ball,pop_up
Adam Wainwright,204,SI|FC,0.1356,1.5321,0.1861,0.808,0.022,0.1095,0.2303,87.10243902,7.469756098,0.128571429,0.471428571,0.609756098,0.146341463,0.243902439,0
Cole Hamels,97,SI|FC,0.0562,1.7725,0.1885,0.8525,0.0134,0.0479,0.2211,85.56,2.662727273,0.25,0.625,0.545454545,0.090909091,0.363636364,0
Doug Fister,80,SI|FC,0.1217,1.248,0.3393,0.6628,0.0112,0.0807,0.5119,78.28571429,2.242,0.263157895,0.50877193,0.533333333,0.333333333,0.133333333,0
Jeff Samardzija,132,SI|FC,0.178,1.7618,0.1479,0.8124,0.0077,0.1446,0.182,86.05625,15.15125,0.125,0.333333333,0.5,0.1875,0.3125,0
Jon Lester,69,SI|FC,0.0916,1.584,0.1254,0.8351,0.0114,0.0765,0.1502,82.63333333,5.424615385,0.044444444,0.533333333,0.384615385,0.538461538,0.076923077,0
,,,,,,,,,,,,,,,,,
,,,,,,,,,,,,,,,,,
,,,,,,,,,,,,,,,,,
,,,,,,,,,,,,,,,,,